{"high_risk_immediate_property": {"count": 244, "density": 8.62973469209388}, "moderate_risk_adjacent_properties": {"count": 2044, "density": 5.914776430542437}, "low_risk_neighborhood_scale": {"count": 12314, "density": 2.916419597073808}, "total_risk_score": 17.460930719710124}